City_ID,City,Lat,Lng,Max Temp,Humidity,Cloudiness,Wind Speed,Country,Date
0,sangmelima,2.9333,11.9833,23.24,85,100,1.14,CM,1691511661
1,burang,30.25,81.1667,12.79,81,97,2.08,CN,1691511661
2,ilulissat,69.2167,-51.1,10.01,53,20,2.06,GL,1691511661
3,grytviken,-54.2811,-36.5092,-3.82,82,29,3.57,GS,1691511661
4,west island,-12.1568,96.8225,25.99,83,40,6.69,CC,1691511662
5,klaksvik,62.2266,-6.589,8.51,74,100,12.3,FO,1691511662
6,laguna,38.421,-121.4238,27.2,67,0,4.12,US,1691511662
7,puerto lempira,15.2667,-83.7667,32.08,70,40,4.63,HN,1691511662
8,lander,42.833,-108.7307,13.45,88,100,2.06,US,1691511663
9,port-aux-francais,-49.35,70.2167,1.14,80,91,14.99,TF,1691511663
10,iskateley,67.6803,53.1512,14.17,60,71,3.43,RU,1691511663
11,hoemul-li,41.4339,129.67,18.96,89,99,3.01,KP,1691511663
12,blackmans bay,-43.0167,147.3167,4.18,93,56,2.66,AU,1691511663
13,susuman,62.7833,148.1667,3.28,70,76,0.34,RU,1691511664
14,lebu,-37.6167,-73.65,13.74,55,93,2.88,CL,1691511664
15,adamstown,-25.066,-130.1015,22.31,86,98,12.06,PN,1691511664
16,ushuaia,-54.8,-68.3,3.81,81,0,1.54,AR,1691511664
17,talnakh,69.4865,88.3972,18.45,59,91,0.6,RU,1691511664
18,west bay,19.3667,-81.4167,33.04,78,40,4.12,KY,1691511619
19,nantucket,41.2835,-70.0995,23.08,73,100,11.32,US,1691511665
20,majene,-3.5403,118.9707,24.54,83,3,5.32,ID,1691511665
21,ust-tsilma,65.441,52.1498,17.08,64,100,1.96,RU,1691511665
22,puerto natales,-51.7236,-72.4875,2.38,69,73,0.75,CL,1691511665
23,iqaluit,63.7506,-68.5145,6.85,87,40,5.66,CA,1691511665
24,malyn,50.7723,29.2383,20.48,50,100,5.01,UA,1691511666
25,carnarvon,-24.8667,113.6333,18.85,85,15,7.44,AU,1691511666
26,badger,64.8,-147.5333,15.84,93,75,2.57,US,1691511666
27,stanley,54.868,-1.6985,18.73,62,20,5.66,GB,1691511666
28,papatowai,-46.5619,169.4708,5.27,91,100,3.96,NZ,1691511666
29,mossendjo,-2.9506,12.7261,29.35,42,73,2.29,CG,1691511667
30,arteche,12.2645,125.4048,26.54,85,23,2.73,PH,1691511667
31,port alfred,-33.5906,26.891,16.21,85,95,2.68,ZA,1691511667
32,soledad de doblado,19.05,-96.4167,31.69,65,0,0.6,MX,1691511667
33,prieska,-29.6641,22.7474,20.63,15,1,2.95,ZA,1691511668
34,jamestown,42.097,-79.2353,22.51,68,40,10.8,US,1691511538
35,qaqortoq,60.7167,-46.0333,6.76,75,0,3.55,GL,1691511668
36,mulchen,-37.7167,-72.2333,9.92,52,63,0.7,CL,1691511450
37,tynda,55.1667,124.7167,14.17,74,94,0.04,RU,1691511668
38,rundu,-17.9333,19.7667,25.89,22,5,2.36,NA,1691511668
39,avarua,-21.2078,-159.775,18.03,88,20,1.54,CK,1691511669
40,isangel,-19.55,169.2667,20.1,72,85,6.46,VU,1691511669
41,rongelap,11.1635,166.8941,28.24,79,35,6.83,MH,1691511669
42,georgetown,5.4112,100.3354,25.53,95,20,1.54,MY,1691511536
43,waitangi,-43.9535,-176.5597,9.34,96,100,0.45,NZ,1691511669
44,brookings,44.3114,-96.7984,24.1,70,0,3.09,US,1691511392
45,bethel,41.3712,-73.414,26.68,74,100,5.66,US,1691511409
46,hohhot,40.8106,111.6522,22.16,68,0,2.0,CN,1691511670
47,margaret river,-33.95,115.0667,12.68,54,69,6.43,AU,1691511670
48,kourou,5.1552,-52.6478,33.03,58,20,4.26,GF,1691511670
49,isafjordur,66.0755,-23.124,12.02,62,20,4.12,IS,1691511670
50,undurkhaan,47.3194,110.6556,14.82,77,3,2.11,MN,1691511670
51,onega,63.9061,38.1404,22.45,59,1,4.72,RU,1691511671
52,russellville,35.2784,-93.1338,25.08,71,20,1.54,US,1691511661
53,lashio,22.9333,97.75,20.87,99,100,0.8,MM,1691511671
54,castelo do piaui,-5.3222,-41.5525,37.54,22,26,3.82,BR,1691511671
55,queenstown,-31.8976,26.8753,14.01,53,89,3.02,ZA,1691511648
56,pocone,-16.2567,-56.6228,38.68,18,0,1.66,BR,1691511672
57,colares,38.7992,-9.4469,28.52,70,20,8.94,PT,1691511672
58,artsyz,45.9919,29.4182,18.66,69,75,4.47,UA,1691511672
59,mount isa,-20.7333,139.5,9.87,76,6,0.51,AU,1691511672
60,hawaiian paradise park,19.5933,-154.9731,23.83,90,100,1.54,US,1691511672
61,edinburgh of the seven seas,-37.0676,-12.3116,14.99,86,55,20.51,SH,1691511673
62,keflavik,64.0049,-22.5624,13.95,76,40,3.6,IS,1691511673
63,college,64.8569,-147.8028,15.88,92,75,2.57,US,1691511673
64,hamilton,39.1834,-84.5333,27.04,62,20,4.12,US,1691511434
65,wailua homesteads,22.0669,-159.378,27.44,81,100,10.8,US,1691511673
66,luderitz,-26.6481,15.1594,18.99,59,0,11.42,NA,1691511626
67,kruisfontein,-34.0033,24.7314,14.38,91,80,5.71,ZA,1691511674
68,bilibino,68.0546,166.4372,5.0,52,100,2.2,RU,1691511674
69,annau,37.8876,58.516,34.72,23,20,4.12,TM,1691511674
70,galliano,29.4422,-90.2992,36.11,55,40,6.17,US,1691511674
71,margate,51.3813,1.3862,16.61,92,100,3.13,GB,1691511532
72,atafu village,-8.5421,-172.5159,27.97,73,45,5.63,TK,1691511675
73,pagar alam,-4.0167,103.2667,20.48,97,69,0.61,ID,1691511675
74,ornskoldsvik,63.2909,18.7153,19.53,82,100,7.2,SE,1691511675
75,cartagena del chaira,1.3349,-74.8429,31.16,54,98,0.63,CO,1691511675
76,port-gentil,-0.7193,8.7815,25.98,69,100,5.66,GA,1691511675
77,happy valley-goose bay,53.3168,-60.3315,17.17,77,75,3.6,CA,1691511676
78,copala,16.65,-98.9833,30.88,61,0,2.08,MX,1691511676
79,kone,-21.0595,164.8658,15.56,86,9,2.36,NC,1691511676
80,aroma,15.8167,36.1333,32.88,47,80,3.57,SD,1691511676
81,sinabang,2.4803,96.3801,26.32,79,100,1.62,ID,1691511677
82,quellon,-43.1167,-73.6167,11.14,93,40,3.6,CL,1691511677
83,weno,7.4515,151.8468,27.97,83,100,1.54,FM,1691511677
84,nar'yan-mar,67.6713,53.087,14.42,60,73,3.41,RU,1691511677
85,bykovo,55.6361,38.0803,24.85,69,0,2.0,RU,1691511677
86,invercargill,-46.4,168.35,3.34,93,99,1.79,NZ,1691511678
87,tiksi,71.6872,128.8694,9.6,74,21,0.36,RU,1691511678
88,novofedorivka,46.1713,32.3178,20.93,63,24,12.89,UA,1691511678
89,teguise,29.0605,-13.564,24.12,73,20,4.12,ES,1691511678
90,petropavlovsk-kamchatsky,53.0452,158.6483,9.33,87,0,3.0,RU,1691511678
91,mount pearl,47.5166,-52.7813,16.36,79,75,7.2,CA,1691511679
92,ribeira grande,38.5167,-28.7,25.22,73,40,5.14,PT,1691511679
93,paijan,-7.7333,-79.3022,21.57,67,77,4.33,PE,1691511679
94,acapulco de juarez,16.8634,-99.8901,30.9,58,20,2.06,MX,1691511405
95,maumere,-8.6199,122.2111,23.33,76,14,1.65,ID,1691511679
96,san patricio,28.017,-97.5169,34.48,43,0,6.63,US,1691511680
97,piacabucu,-10.4056,-36.4344,25.06,82,74,3.83,BR,1691511680
98,recreo,-29.2818,-65.061,16.39,35,42,5.01,AR,1691511680
99,freetown,8.484,-13.2299,27.84,83,75,6.17,SL,1691511680
100,vorgashor,67.5833,63.95,11.76,76,100,4.49,RU,1691511680
101,lockwood,45.8191,-108.4149,23.13,60,20,3.09,US,1691511681
102,kangding,30.0513,101.9603,17.27,98,94,1.32,CN,1691511681
103,tazovsky,67.4667,78.7,15.73,68,78,2.98,RU,1691511681
104,vilyuchinsk,52.9306,158.4028,10.15,65,100,4.09,RU,1691511681
105,la sarre,48.8002,-79.1996,21.78,49,77,3.72,CA,1691511681
106,itoman,26.1247,127.6694,27.21,100,75,5.66,JP,1691511682
107,sola,-13.8833,167.55,24.8,83,100,8.44,VU,1691511682
108,iquique,-20.2208,-70.1431,20.02,65,0,2.8,CL,1691511458
109,vylkove,45.4021,29.586,18.31,74,70,5.35,UA,1691511682
110,whitehorse,60.7161,-135.0538,14.43,91,100,3.09,CA,1691511682
111,saudarkrokur,65.7461,-19.6394,12.23,57,69,3.53,IS,1691511683
112,la palma,33.8464,-118.0467,28.62,73,20,0.89,US,1691511683
113,port lincoln,-34.7333,135.8667,12.29,44,5,6.14,AU,1691511683
114,shimoda,34.6667,138.95,26.17,90,55,2.47,JP,1691511683
115,jayapura,-2.5333,140.7,23.66,93,73,2.17,ID,1691511683
116,anadyr,64.75,177.4833,9.28,87,75,5.0,RU,1691511684
117,lebyazh'ye,55.2689,66.4947,21.64,53,100,3.35,RU,1691511684
118,sittwe,20.15,92.9,25.73,89,100,2.69,MM,1691511684
119,alofi,-19.0595,-169.9187,22.94,100,47,2.57,NU,1691511684
120,yauya,-8.9833,-77.3,14.61,45,51,2.36,PE,1691511684
121,east london,-33.0153,27.9116,17.52,72,20,5.14,ZA,1691511684
122,clement town,30.2667,78.0667,24.8,89,100,2.15,IN,1691511685
123,bodo,67.28,14.405,26.36,63,0,11.83,NO,1691511685
124,humaita,-7.5061,-63.0208,39.21,27,8,1.13,BR,1691511685
125,albany,42.6001,-73.9662,24.47,87,100,2.13,US,1691511685
126,iringa,-7.7667,35.7,15.43,68,71,4.48,TZ,1691511685
127,oxford,51.7522,-1.256,18.43,93,75,3.09,GB,1691511686
128,nuku'alofa,-21.1333,-175.2,23.19,100,20,1.54,TO,1691511686
129,amal,59.051,12.7049,14.11,91,100,3.14,SE,1691511686
130,hami,42.8,93.45,34.31,19,100,5.98,CN,1691511686
131,ixtapa,20.7,-105.2,31.24,74,20,1.34,MX,1691511686
132,ulaangom,49.9811,92.0667,19.15,76,100,2.14,MN,1691511686
133,derzhavinsk,51.1,66.3167,24.36,31,99,4.35,KZ,1691511687
134,hadibu,12.65,54.0333,26.06,76,54,8.06,YE,1691511687
135,sungailiat,-1.85,106.1333,26.83,80,33,3.81,ID,1691511687
136,vila velha,-20.3297,-40.2925,25.97,81,20,8.23,BR,1691511687
137,dudinka,69.4058,86.1778,18.68,63,41,2.29,RU,1691511688
138,mana,5.6592,-53.7767,31.09,58,91,2.33,GF,1691511688
139,usogorsk,63.4106,48.6872,19.94,61,89,1.91,RU,1691511688
140,qui nhon,13.7667,109.2333,28.73,68,54,2.89,VN,1691511688
141,tekeli,44.83,78.8239,18.34,55,63,3.48,KZ,1691511688
142,afaahiti,-17.75,-149.2833,21.93,74,38,4.66,PF,1691511689
143,labrador city,52.9463,-66.9114,17.95,52,75,6.17,CA,1691511487
144,sitka,57.0531,-135.33,13.94,94,100,5.66,US,1691511689
145,port mathurin,-19.6833,63.4167,22.95,69,24,9.33,MU,1691511689
146,figuig (centre),32.1089,-1.2286,40.29,8,2,6.07,MA,1691511689
147,puerto ayora,-0.7393,-90.3518,28.98,82,100,3.13,EC,1691511690
148,cooper's town,26.8667,-77.5167,29.92,77,7,3.9,BS,1691511690
149,troitsk,54.0979,61.5773,18.34,83,83,2.68,RU,1691511690
150,sharjah,25.3573,55.4033,37.99,49,0,3.6,AE,1691511676
151,keetmanshoop,-26.5833,18.1333,26.51,11,0,0.51,NA,1691511690
152,niafunke,15.9322,-3.9906,39.76,22,57,2.7,ML,1691511691
153,bredasdorp,-34.5322,20.0403,12.25,77,63,2.67,ZA,1691511691
154,strezhevoy,60.7333,77.5889,16.15,67,91,2.53,RU,1691511691
155,hovd,48.0056,91.6419,20.71,47,100,3.04,MN,1691511691
156,tromso,69.6496,18.957,24.01,60,0,4.63,NO,1691511692
157,palmer,42.1584,-72.3287,27.91,64,75,3.6,US,1691511692
158,nelspruit,-25.4745,30.9703,19.16,34,0,3.09,ZA,1691511569
159,selfoss,63.9331,-20.9971,16.69,68,74,2.16,IS,1691511692
160,yellowknife,62.456,-114.3525,18.29,63,20,7.72,CA,1691511693
161,oranjemund,-28.55,16.4333,14.32,83,0,10.91,NA,1691511693
162,dalnegorsk,44.5604,135.5701,16.17,86,100,0.89,RU,1691511693
163,la alianza,18.3974,-66.6024,32.32,82,31,2.24,PR,1691511693
164,mukalla,14.5425,49.1242,32.58,54,35,4.8,YE,1691511694
165,poronaysk,49.2167,143.1167,12.43,91,87,0.43,RU,1691511694
166,mulayjah,27.271,48.4242,38.45,12,0,1.56,SA,1691511694
167,coruripe,-10.1256,-36.1756,26.39,73,58,4.3,BR,1691511694
168,merizo village,13.2658,144.6691,26.66,96,100,6.09,GU,1691511695
169,thompson,55.7435,-97.8558,11.09,93,100,4.63,CA,1691511695
170,fale old settlement,-9.3852,-171.2468,28.41,69,67,6.18,TK,1691511695
171,kenitra,34.261,-6.5802,26.42,67,34,5.74,MA,1691511471
172,hermanus,-34.4187,19.2345,14.89,73,51,5.65,ZA,1691511695
173,colonia,50.9333,6.95,20.54,59,75,7.2,DE,1691511696
174,ngorongoro,-3.2397,35.4875,12.23,78,87,2.71,TZ,1691511696
175,eaglehawk,-36.7333,144.25,3.53,50,1,1.59,AU,1691511696
176,vila franca do campo,37.7167,-25.4333,24.23,59,5,1.93,PT,1691511696
177,ujae,8.9322,165.7642,27.87,81,93,6.15,MH,1691511697
178,kailua-kona,19.6406,-155.9956,25.98,87,40,2.57,US,1691511697
179,kamiiso,41.8167,140.65,22.97,97,100,2.0,JP,1691511697
180,ibotirama,-12.1853,-43.2206,35.95,24,2,1.28,BR,1691511677
181,punta arenas,-53.15,-70.9167,2.5,75,99,0.9,CL,1691511486
182,kodiak,57.79,-152.4072,10.73,93,75,1.54,US,1691511677
183,saipan,15.1355,145.701,27.39,100,40,2.57,MP,1691511698
184,waverly,42.7392,-84.6208,27.09,59,0,4.12,US,1691511698
185,caracal,44.1167,24.35,25.64,29,39,4.94,RO,1691511698
186,longyearbyen,78.2186,15.6401,11.91,54,20,7.72,SJ,1691511698
187,acarau,-2.8856,-40.12,31.39,55,23,8.25,BR,1691511698
188,alice springs,-23.7,133.8833,7.75,66,1,0.0,AU,1691511699
189,constantia,44.1833,28.65,22.61,57,42,5.16,RO,1691511651
190,kavaratti,10.5669,72.642,27.76,79,98,6.65,IN,1691511699
191,grandola,38.1772,-8.5668,22.42,53,17,5.52,PT,1691511699
192,bikenibeu village,1.3673,173.1241,25.98,94,100,2.57,KI,1691511699
193,niquelandia,-14.4739,-48.4597,35.94,13,0,1.81,BR,1691511700
194,karuzi,-3.125,30.1333,23.51,38,83,1.87,BI,1691511700
195,sunland park,31.7965,-106.58,31.52,38,0,5.66,US,1691511695
196,yeed,4.55,43.0333,30.53,34,41,6.83,SO,1691511700
197,virginia,37.5481,-77.4467,29.63,58,75,7.2,US,1691511700
198,nchelenge,-9.3451,28.734,23.89,46,4,1.34,ZM,1691511700
199,taltal,-25.4,-70.4833,17.81,70,5,2.43,CL,1691511437
200,magadan,59.5667,150.8,8.37,66,22,3.28,RU,1691511701
201,port elizabeth,-33.918,25.5701,15.61,82,40,7.2,ZA,1691511701
202,holualoa,19.6228,-155.9522,23.91,87,40,2.57,US,1691511701
203,felege neway,6.3,36.8833,19.34,82,73,1.1,ET,1691511701
204,qamdo,31.1667,97.2333,8.31,75,15,1.63,CN,1691511702
205,broken hill,-31.95,141.4333,9.66,60,3,2.57,AU,1691511702
206,touros,-5.1989,-35.4608,29.02,59,56,6.86,BR,1691511702
207,madzhalis,42.1217,47.8333,26.88,67,14,1.93,RU,1691511702
208,fismes,49.3077,3.6861,22.13,61,100,3.26,FR,1691511702
209,port alberni,49.2413,-124.8028,19.51,82,99,0.45,CA,1691511703
210,tura,25.5198,90.2201,23.87,98,100,2.65,IN,1691511703
211,dunedin,-45.8742,170.5036,6.0,72,98,2.68,NZ,1691511703
212,pasighat,28.0667,95.3333,26.47,96,100,0.75,IN,1691511703
213,paracuru,-3.41,-39.0306,27.84,57,62,7.96,BR,1691511411
214,ilhabela,-23.7781,-45.3581,20.06,93,100,2.12,BR,1691511704
215,chonchi,-42.6128,-73.8092,9.51,94,100,1.88,CL,1691511704
216,ust-nera,64.5667,143.2,11.44,59,73,1.33,RU,1691511704
217,san andres,12.5847,-81.7006,31.01,74,40,7.2,CO,1691511704
218,lyubinskiy,55.1542,72.6925,21.82,39,96,3.29,RU,1691511704
219,ziro,27.6333,93.8333,16.74,99,100,0.49,IN,1691511705
220,bardai,11.65,7.2333,26.82,64,100,5.14,NG,1691511705
221,guerrero negro,27.9769,-114.0611,26.53,71,43,3.62,MX,1691511705
222,bantogon,6.5333,124.0333,26.01,82,58,1.46,PH,1691511705
223,arraial do cabo,-22.9661,-42.0278,23.92,78,75,6.17,BR,1691511705
224,utrik,11.2278,169.8474,27.9,78,92,6.42,MH,1691511706
225,waingapu,-9.6567,120.2641,22.74,81,41,5.13,ID,1691511706
226,cidade velha,14.9167,-23.6167,30.26,51,20,6.17,CV,1691511706
227,nhamunda,-2.1861,-56.7131,38.5,27,43,2.41,BR,1691511706
228,pisco,-13.7,-76.2167,21.03,68,20,3.6,PE,1691511706
229,pallisa,1.145,33.7094,23.35,58,85,2.93,UG,1691511707
230,lihue,21.9789,-159.3672,27.77,75,100,10.8,US,1691511417
231,miramichi,47.0043,-65.4654,18.46,73,100,3.35,CA,1691511707
232,nova sintra,14.8667,-24.7167,22.5,73,10,7.14,CV,1691511707
233,port saint john's,-31.6229,29.5448,19.05,77,42,8.08,ZA,1691511707
234,ad dilam,23.9915,47.1627,41.23,6,1,4.01,SA,1691511707
235,mala vyska,48.6431,31.6366,16.1,78,93,7.34,UA,1691511708
236,valparaiso,-33.0393,-71.6273,15.56,86,100,2.06,CL,1691511565
237,pombas,17.1503,-25.0201,28.88,70,35,5.91,CV,1691511708
238,itubera,-13.7322,-39.1492,27.3,60,72,2.4,BR,1691511708
239,verkhnevilyuysk,63.4453,120.3167,15.02,57,0,2.45,RU,1691511709
240,adigrat,14.277,39.462,18.02,67,92,1.85,ET,1691511709
241,uturoa,-16.7333,-151.4333,25.41,78,79,1.7,PF,1691511709
242,olonkinbyen,70.9221,-8.7187,4.84,91,100,6.01,SJ,1691511709
243,udachny,66.4167,112.4,19.14,51,44,2.71,RU,1691511709
244,plettenberg bay,-34.0527,23.3716,14.54,83,93,2.67,ZA,1691511709
245,fort bragg,35.139,-79.006,30.91,61,0,5.66,US,1691511710
246,mlimba,-8.8,35.8167,24.09,52,43,0.58,TZ,1691511710
247,galle,6.0367,80.217,26.25,86,90,3.96,LK,1691511710
248,mejit,10.2753,170.8646,28.01,76,81,7.02,MH,1691511710
249,timaru,-44.4,171.25,1.71,65,69,2.12,NZ,1691511710
250,igarka,67.4667,86.5833,15.43,66,61,2.83,RU,1691511711
251,bethanie,-26.4833,17.15,24.32,13,0,4.52,NA,1691511711
252,remire-montjoly,4.9167,-52.2667,33.02,55,40,4.12,GF,1691511711
253,tananger,58.9333,5.6,11.27,92,75,14.92,NO,1691511711
254,lethem,3.3803,-59.7968,34.36,47,28,2.4,GY,1691511711
255,luena,-11.7833,19.9167,26.77,21,1,1.99,AO,1691511711
256,at taj,24.2049,23.2857,37.31,13,0,6.69,LY,1691511712
257,muncar,-8.4333,114.3333,22.21,90,17,1.34,ID,1691511712
258,hasaki,35.7333,140.8333,27.95,93,70,5.76,JP,1691511712
259,la ronge,55.1001,-105.2842,15.12,67,75,3.09,CA,1691511439
260,kingston,17.997,-76.7936,33.47,67,20,4.47,JM,1691511574
261,muroto-misakicho,33.2833,134.15,28.08,88,95,10.84,JP,1691511712
262,garzon,2.1959,-75.6278,29.35,47,44,2.08,CO,1691511485
263,purpe,64.4803,76.6897,18.9,51,74,2.84,RU,1691511713
264,al bardiyah,31.7561,25.0865,27.43,62,0,7.7,LY,1691511713
265,anatuya,-28.4606,-62.8347,17.42,45,100,3.87,AR,1691511713
266,masterton,-40.9597,175.6575,1.33,97,34,0.86,NZ,1691511713
267,konakovo,56.7,36.7667,20.4,90,97,2.63,RU,1691511714
268,hirara,24.8,125.2833,27.92,94,72,2.57,JP,1691511714
269,dauphin,51.1494,-100.0502,18.08,72,20,3.09,CA,1691511714
270,angaur state,6.906,134.13,27.76,81,100,7.88,PW,1691511714
271,bonthe,7.5264,-12.505,27.29,77,80,5.78,SL,1691511714
272,mao,39.8885,4.2658,27.31,54,20,3.6,ES,1691511715
273,leutkirch,47.825,10.0167,21.62,38,94,3.96,DE,1691511715
274,al bayda',32.7627,21.7551,23.18,62,0,7.49,LY,1691511715
275,turinskaya sloboda,57.6232,64.3858,21.81,60,49,1.9,RU,1691511715
276,crane,31.3974,-102.3501,32.14,36,94,6.88,US,1691511715
277,erenhot,43.6475,111.9767,24.59,43,12,8.11,CN,1691511715
278,la passe,45.5549,-0.8967,28.13,41,33,4.96,FR,1691511716
279,namibe,-15.1961,12.1522,19.6,79,8,3.22,AO,1691511716
280,ketchikan,55.3422,-131.6461,15.26,94,100,2.06,US,1691511716
281,vallegrande,-18.4897,-64.1069,21.59,47,24,3.64,BO,1691511716
282,mazagao,-0.115,-51.2894,33.03,46,74,2.48,BR,1691511716
283,nha trang,12.25,109.1833,30.0,77,5,2.55,VN,1691511716
284,lompoc,34.6391,-120.4579,20.99,79,40,1.34,US,1691511603
285,andergrove,-21.0833,149.1833,18.17,80,12,5.25,AU,1691511717
286,lukovica pri domzalah,46.1667,14.7,23.48,48,40,3.6,SI,1691511717
287,stephenville,32.2207,-98.2023,35.7,37,0,3.09,US,1691511451
288,borgarnes,64.5383,-21.9206,14.03,65,98,2.3,IS,1691511717
289,haiku-pauwela,20.9219,-156.3051,25.02,67,0,11.18,US,1691511718
290,shepherdsville,37.9884,-85.7158,26.84,80,38,3.51,US,1691511683
291,pinsk,52.1229,26.0951,17.81,57,87,3.16,BY,1691511649
292,kuytun,54.3419,101.5036,15.71,96,6,1.54,RU,1691511718
293,hithadhoo,-0.6,73.0833,27.97,71,74,2.36,MV,1691511718
294,st. john's,47.5649,-52.7093,16.82,79,75,7.2,CA,1691511489
295,mezhdurechenskiy,59.6,65.9333,19.82,64,5,1.59,RU,1691511690
296,olyokminsk,60.3736,120.4264,17.11,82,2,1.44,RU,1691511719
297,salekhard,66.53,66.6019,14.96,71,100,2.86,RU,1691511719
298,demre,36.2537,29.9777,30.18,57,0,2.76,TR,1691511719
299,yamada,39.4667,141.95,24.63,97,91,3.9,JP,1691511719
300,vernal,40.4555,-109.5287,21.84,40,0,4.63,US,1691511719
301,ocean shores,46.9737,-124.1563,19.1,92,100,4.12,US,1691511720
302,deori khas,23.4,79.0167,24.12,86,89,3.58,IN,1691511720
303,wulingyuan,29.3494,110.5441,25.32,96,94,0.78,CN,1691511720
304,fortaleza,-3.7227,-38.5247,31.07,55,20,10.8,BR,1691511469
305,jamaame,0.0697,42.745,24.2,80,3,5.5,SO,1691511720
306,drahichyn,52.1874,25.1597,17.91,53,89,2.78,BY,1691511721
307,gorontalo,0.5412,123.0595,23.39,93,9,1.84,ID,1691511721
308,marsh harbour,26.5412,-77.0636,30.41,73,6,5.22,BS,1691511721
309,ta khmau,11.4833,104.95,24.03,100,40,2.57,KH,1691511721
310,tondano,1.3038,124.9112,21.05,93,51,1.8,ID,1691511721
311,minas de marcona,-15.2119,-75.1103,17.62,60,10,5.76,PE,1691511722
312,malanje,-9.5402,16.341,30.47,15,0,1.75,AO,1691511722
313,aasiaat,68.7098,-52.8699,3.85,73,28,2.43,GL,1691511722
314,flying fish cove,-10.4217,105.6791,24.82,88,100,5.14,CX,1691511722
315,harnai,30.1005,67.9374,33.65,33,0,2.31,PK,1691511723
316,lautoka,-17.6167,177.4667,20.92,88,75,1.54,FJ,1691511723
317,miyaly,48.8844,53.7836,31.08,27,79,4.38,KZ,1691511723
318,bridgewater,44.3835,-64.5155,22.6,86,100,7.2,CA,1691511723
319,grantsville,40.5999,-112.4644,24.42,47,40,1.34,US,1691511723
320,hobyo,5.3505,48.5268,24.9,82,58,12.36,SO,1691511724
321,ishim,56.1128,69.4902,19.5,62,79,1.92,RU,1691511724
322,sumusta as sultani,28.9167,30.85,37.41,19,0,5.74,EG,1691511724
323,flin flon,54.7682,-101.865,13.91,82,75,7.2,CA,1691511725
324,mountain home,43.133,-115.6912,19.52,57,0,4.63,US,1691511725
325,mary,37.0,62.5,32.99,18,0,2.46,TM,1691511725
326,leongatha,-38.4833,145.95,4.37,97,3,1.44,AU,1691511725
327,nikolayevsk-on-amure,53.1406,140.73,13.1,93,98,1.49,RU,1691511725
328,trevelin,-43.0858,-71.4639,7.71,79,100,1.6,AR,1691511726
329,vilyuysk,63.7553,121.6247,15.41,53,0,2.76,RU,1691511726
330,al battaliyah,25.4333,49.6333,41.23,23,0,5.32,SA,1691511726
331,novodvinsk,64.4165,40.8122,21.91,58,0,2.37,RU,1691511726
332,palikir - national government center,6.9248,158.1611,23.41,100,100,0.0,FM,1691511726
333,sinop,41.7711,34.8709,22.24,87,60,3.12,TR,1691511727
334,york,40.1254,-77.0,24.64,62,81,7.75,US,1691511727
335,bad doberan,54.1071,11.9005,16.7,82,56,11.26,DE,1691511727
336,forster,-32.1667,152.5167,6.88,99,9,2.43,AU,1691511727
337,yayladagi,35.9025,36.0627,25.07,71,6,4.63,TR,1691511727
338,quiroga,19.6667,-101.5333,22.09,62,2,0.1,MX,1691511631
339,cabedelo,-6.9811,-34.8339,27.37,70,51,5.68,BR,1691511728
340,broome,42.2506,-75.833,19.71,90,72,0.89,US,1691511728
341,katsuren-haebaru,26.3369,127.8719,27.21,100,75,7.72,JP,1691511728
342,port blair,11.6667,92.75,29.02,79,40,5.14,IN,1691511728
343,errachidia,31.9275,-4.4285,41.03,7,40,3.6,MA,1691511728
344,ilha de mocambique,-15.0342,40.7358,24.4,68,16,8.82,MZ,1691511729
345,revda,56.801,59.9303,15.49,95,84,1.71,RU,1691511729
346,mahina,-17.5065,-149.489,22.87,88,40,2.57,PF,1691511729
347,nova olinda do norte,-3.8881,-59.0942,39.55,22,12,2.1,BR,1691511729
348,kolonia town,6.964,158.206,24.0,100,100,0.0,FM,1691511729
349,el granada,37.5027,-122.4694,21.38,83,100,5.14,US,1691511730
350,miyako,39.6367,141.9525,24.46,96,80,3.91,JP,1691511730
351,ardakan,32.31,54.0175,33.72,19,51,2.01,IR,1691511730
352,al hudaydah,14.7978,42.9545,33.38,50,46,6.11,YE,1691511730
353,beyneu,45.3167,55.2,33.2,23,0,2.91,KZ,1691511730
354,ola,59.5833,151.2833,8.57,66,21,4.49,RU,1691511731
355,xianning,29.8833,114.2167,27.19,87,6,1.66,CN,1691511731
356,oodweyne,9.4092,45.064,25.5,47,61,9.72,SO,1691511731
357,arish,31.1316,33.7984,27.53,64,0,4.79,EG,1691511731
358,farsan,32.2569,50.561,24.02,54,83,2.8,IR,1691511731
359,zhezqazghan,47.7833,67.7667,28.78,32,40,3.48,KZ,1691511731
360,orange,33.7,-117.7675,30.17,66,40,1.54,US,1691511732
361,mil'kovo,55.6078,37.7956,24.73,77,96,2.44,RU,1691511732
362,pahrump,36.2083,-115.9839,30.28,16,0,2.24,US,1691511732
363,khon buri,14.5254,102.2459,28.87,100,100,2.62,TH,1691511732
364,san juan,-31.5375,-68.5364,16.36,20,26,0.85,AR,1691511613
365,ryotsu-minato,38.0833,138.4333,28.6,80,100,2.21,JP,1691511733
366,tshabong,-26.05,22.45,17.61,17,1,1.8,BW,1691511733
367,shangzhi,45.2167,127.9667,17.53,97,4,1.59,CN,1691511733
368,takoradi,4.8845,-1.7554,25.76,79,46,6.86,GH,1691511734
369,pangody,65.85,74.4859,15.87,84,56,7.74,RU,1691511734
370,maxixe,-23.8597,35.3472,19.61,70,0,3.99,MZ,1691511734
371,kirakira,-10.4544,161.9205,24.93,89,100,2.88,SB,1691511734
372,aswan,24.0934,32.907,41.71,8,0,2.35,EG,1691511734
373,san clemente,33.427,-117.612,29.5,79,1,1.34,US,1691511644
374,los arabos,22.7281,-80.7214,35.56,42,3,4.82,CU,1691511735
375,ta`u,-14.2336,-169.5144,27.02,73,93,5.29,AS,1691511735
376,nakamura,32.9833,132.9333,26.47,96,100,7.12,JP,1691511735
377,fort mcmurray,56.7268,-111.381,16.77,72,0,3.09,CA,1691511707
378,macau,22.2006,113.5461,31.03,84,20,2.57,MO,1691511735
379,nagqu,31.5,92.0,7.64,84,100,1.1,CN,1691511736
380,altai,46.3722,96.2583,20.94,30,100,3.29,MN,1691511736
381,ternitz,47.7156,16.0357,22.01,57,97,0.97,AT,1691511736
382,kalabo,-14.97,22.6814,26.11,21,4,1.41,ZM,1691511736
383,klyuchi,52.2667,79.1667,20.98,41,29,0.66,RU,1691511736
384,kwidzyn,53.7249,18.9311,17.97,84,99,5.94,PL,1691511736
385,mugia,43.1041,-9.2179,26.62,71,0,4.61,ES,1691511737
386,kalmunai,7.4167,81.8167,28.97,71,99,2.1,LK,1691511737
387,kunming,25.0389,102.7183,17.96,100,75,2.0,CN,1691511737
388,youssoufia,32.2463,-8.5294,35.21,32,65,6.39,MA,1691511737
389,berriane,32.8265,3.7669,40.47,11,0,3.32,DZ,1691511737
390,novyy urgal,51.0736,132.5642,17.36,66,98,1.49,RU,1691511738
391,turpan,42.9333,89.1667,33.12,29,79,4.36,CN,1691511738
392,cabo san lucas,22.8909,-109.9124,35.9,40,0,6.69,MX,1691511712
393,abhar,36.1468,49.218,23.24,49,29,3.08,IR,1691511738
394,aomori,40.8244,140.74,26.64,90,75,1.34,JP,1691511738
395,tsiombe,-25.3,45.4833,20.46,83,6,4.34,MG,1691511739
396,high river,50.5834,-113.8687,20.09,71,93,1.23,CA,1691511739
397,kimbe,-5.5502,150.1429,24.35,81,100,3.88,PG,1691511739
398,ancud,-41.8697,-73.8203,9.06,93,100,2.87,CL,1691511739
399,ivdel',60.6911,60.4206,18.9,73,86,2.49,RU,1691511739
400,king city,36.2127,-121.126,22.32,48,0,0.81,US,1691511666
401,papao,-17.75,-149.55,22.82,78,45,5.04,PF,1691511740
402,san antonio de pale,-1.4014,5.6325,23.46,75,27,5.2,GQ,1691511740
403,coos bay,43.3665,-124.2179,20.73,88,0,1.54,US,1691511740
404,sao gabriel da cachoeira,-0.1303,-67.0892,30.89,74,75,1.54,BR,1691511740
405,vilino,44.8456,33.6716,27.26,61,3,5.24,UA,1691511740
406,solnechnyy,50.7214,136.6319,16.84,47,100,1.31,RU,1691511741
407,bei'an,24.5399,109.533,25.9,90,41,1.43,CN,1691511741
408,quadrivio,45.0297,9.2223,28.07,44,42,2.34,IT,1691511741
409,pohang,36.0322,129.365,24.31,92,89,7.1,KR,1691511741
410,sabha,27.0377,14.4283,37.38,12,0,7.27,LY,1691511742
411,horta,38.5333,-28.6333,24.8,80,40,5.14,PT,1691511703
412,chachapoyas,-6.2317,-77.869,16.23,72,91,2.82,PE,1691511742
413,lincoln city,44.9582,-124.0179,20.38,86,94,1.98,US,1691511515
414,antsiranana,-12.2787,49.2917,22.96,79,9,5.72,MG,1691511742
415,severnoye,56.3491,78.3619,17.24,67,88,1.85,RU,1691511743
416,smithers,54.7804,-127.1743,14.18,88,100,2.06,CA,1691511743
417,xingcheng,40.6167,120.7167,23.09,70,89,1.81,CN,1691511743
418,pacific grove,36.6177,-121.9166,15.01,95,100,5.36,US,1691511660
419,besikduzu,41.052,39.2284,26.94,88,41,1.95,TR,1691511743
420,nemuro,43.3236,145.575,17.4,100,100,2.84,JP,1691511744
421,kidal,18.4411,1.4078,39.78,20,36,3.86,ML,1691511744
422,chipata,-13.6333,32.65,22.17,32,90,2.56,ZM,1691511744
423,mahdia,35.5047,11.0622,28.97,52,0,6.6,TN,1691511744
424,aykhal,66.0,111.5,15.71,62,65,2.87,RU,1691511744
425,alamosa,37.4695,-105.87,19.99,42,0,0.0,US,1691511741
426,morinville,53.8001,-113.652,17.67,90,100,3.09,CA,1691511745
427,domna,51.8971,113.1573,11.09,100,38,1.0,RU,1691511745
428,lubang,13.8584,120.124,28.62,80,98,5.27,PH,1691511745
429,malmberget,67.1753,20.6549,25.31,61,40,5.66,SE,1691511745
430,misratah,32.3754,15.0925,27.26,57,0,8.77,LY,1691511746
431,codrington,-38.2667,141.9667,6.14,84,77,4.82,AU,1691511746
432,huanuco,-9.9329,-76.2415,23.37,51,61,3.54,PE,1691511526
433,sipalay,9.75,122.5,25.61,91,31,1.94,PH,1691511746
434,kikwit,-5.041,18.8162,34.89,24,22,1.54,CD,1691511746
435,sal rei,16.1833,-22.9167,30.11,51,40,6.17,CV,1691511747
436,santa maria,-29.6842,-53.8069,17.61,55,40,9.77,BR,1691511747
437,beloretsk,53.9631,58.3981,14.03,94,47,2.44,RU,1691511624
438,leava,-14.3,-178.1667,27.03,74,45,1.38,WF,1691511747
439,praia da vitoria,38.7333,-27.0667,25.98,73,40,2.63,PT,1691511747
440,morondava,-20.2833,44.2833,22.58,74,22,7.03,MG,1691511748
441,carutapera,-1.195,-46.02,27.81,82,54,4.67,BR,1691511748
442,kapuskasing,49.4169,-82.4331,23.05,64,75,2.06,CA,1691511748
443,mount hagen,-5.8581,144.2274,12.96,96,92,1.32,PG,1691511748
444,weihai,37.5017,122.1136,24.93,89,0,3.37,CN,1691511539
445,mwandiga,-4.83,29.6581,24.87,53,10,2.54,TZ,1691511748
446,twon-brass,4.3151,6.2418,26.49,77,32,6.21,NG,1691511749
447,umm kaddadah,13.6017,26.6876,32.01,39,49,2.09,SD,1691511749
448,lensk,60.7253,114.9278,18.95,80,32,1.63,RU,1691511749
449,lata,40.1629,-8.3327,36.62,47,0,4.4,PT,1691511749
450,viqueque,-8.8673,126.3658,22.63,83,50,2.21,TL,1691511749
451,saint-francois,46.4154,3.9054,25.38,33,0,3.09,FR,1691511750
452,rampura,30.25,75.2333,33.31,46,89,1.1,IN,1691511750
453,new glasgow,45.5834,-62.6486,22.66,54,100,3.63,CA,1691511476
454,tianchang,37.9981,114.0156,24.49,91,0,1.61,CN,1691511750
455,nyurba,63.2842,118.3319,16.49,58,0,2.65,RU,1691511750
456,harnoli,32.2792,71.5539,40.01,27,0,3.23,PK,1691511751
457,myeik,12.4333,98.6,26.38,89,100,4.05,MM,1691511751
458,fisterra,42.9049,-9.2629,26.53,68,0,1.88,ES,1691511751
459,belomorsk,64.5232,34.7668,22.18,67,2,4.34,RU,1691511751
460,mont-dore,-22.2833,166.5833,14.99,69,82,3.12,NC,1691511751
461,aras-asan,8.8908,126.3033,26.72,84,100,1.35,PH,1691511752
462,luanda,-8.8368,13.2343,23.0,78,0,4.63,AO,1691511606
463,dakhla,23.6848,-15.958,25.01,69,0,8.23,EH,1691511752
464,new norfolk,-42.7826,147.0587,4.84,96,61,1.3,AU,1691511752
465,tolanaro,-25.0319,46.9987,20.47,85,7,4.65,MG,1691511752
466,melekeok village,7.4957,134.6367,24.31,94,100,2.06,PW,1691511753
467,lionel town,17.8101,-77.2406,32.94,55,7,4.81,JM,1691511753
468,minden,52.2833,8.9167,18.86,82,72,8.45,DE,1691511498
469,ambalangoda,6.2355,80.0538,26.28,87,69,3.48,LK,1691511753
470,chiredzi,-21.05,31.6667,20.09,27,0,2.57,ZW,1691511753
471,itupiranga,-5.1347,-49.3267,35.18,31,4,1.75,BR,1691511754
472,taoudenni,22.6783,-3.9836,46.7,6,3,9.63,ML,1691511754
473,ma'an,26.9775,110.7211,26.08,88,58,0.7,CN,1691511754
474,eydhafushi,5.1033,73.0708,28.25,75,100,4.98,MV,1691511754
475,irtyshsk,53.3333,75.4572,23.02,38,99,1.16,KZ,1691511754
476,gadzhiyevo,69.2551,33.3362,23.39,67,0,4.6,RU,1691511755
477,nova vicosa,-17.8919,-39.3719,27.1,62,23,4.45,BR,1691511755
478,hammerfest,70.6634,23.6821,24.25,69,0,5.14,NO,1691511755
479,mogocha,53.7333,119.7667,13.11,70,89,0.67,RU,1691511755
480,jalingo,8.8833,11.3667,28.46,69,77,3.12,NG,1691511755
481,new plymouth,-39.0667,174.0833,6.0,74,14,4.19,NZ,1691511493
482,khodzha-maston,38.7446,68.627,23.68,28,43,0.62,TJ,1691511756
483,christchurch,-43.5333,172.6333,2.75,73,11,1.54,NZ,1691511515
484,salinas,36.6777,-121.6555,16.05,86,100,3.09,US,1691511756
485,montecarlo,-26.5662,-54.757,23.23,75,100,2.18,AR,1691511756
486,alesund,62.4723,6.1549,14.86,99,100,5.66,NO,1691511756
487,yigo village,13.5361,144.8886,25.97,93,0,2.57,GU,1691511757
488,fougamou,-1.2154,10.5838,31.54,41,53,1.93,GA,1691511757
489,trenggalek,-8.05,111.7167,22.02,90,67,1.59,ID,1691511757
490,nephi,39.7102,-111.8363,22.63,22,92,2.14,US,1691511516
491,robertsport,6.7533,-11.3686,26.15,83,94,6.6,LR,1691511757
492,metropolis,37.1512,-88.732,24.67,79,0,2.06,US,1691511757
493,huanggang,23.677,116.9996,27.94,80,99,2.88,CN,1691511758
494,kovilpatti,9.1667,77.8667,29.98,56,100,5.77,IN,1691511758
495,sitia,35.2,26.0986,28.88,65,0,5.76,GR,1691511758
496,laurel,39.0993,-76.8483,27.0,61,40,7.2,US,1691511638
497,paphos,34.7667,32.4167,28.88,70,20,5.14,CY,1691511758
498,riachao,-7.3619,-46.6172,36.39,23,3,3.52,BR,1691511759
499,aoulef,26.9667,1.0833,44.52,8,0,7.69,DZ,1691511759
500,muynoq,43.7683,59.0214,27.51,42,0,1.92,UZ,1691511759
501,hankasalmi,62.3833,26.4333,21.17,57,1,5.49,FI,1691511759
502,atmore,31.0238,-87.4939,33.27,70,8,3.95,US,1691511759
503,ati,13.2154,18.3353,31.29,51,61,3.38,TD,1691511759
504,mangrol,21.1167,70.1167,27.07,85,100,8.17,IN,1691511760
505,sisimiut,66.9395,-53.6735,9.1,60,28,2.32,GL,1691511760
506,cockburn town,21.4612,-71.1419,28.7,86,0,7.59,TC,1691511746
507,kaoma,-14.7833,24.8,24.59,21,32,2.62,ZM,1691511760
508,anka,12.1138,5.9243,27.34,70,100,3.24,NG,1691511760
509,shingu,33.7333,135.9833,26.63,93,70,4.23,JP,1691511760
510,babayevo,59.3936,35.9371,21.71,81,97,1.51,RU,1691511761
511,polyarnyy,69.1989,33.4478,22.99,68,0,4.69,RU,1691511761
512,aghajari,30.7006,49.8315,40.12,17,20,4.12,IR,1691511761
513,honefoss,60.168,10.2565,17.84,99,100,1.39,NO,1691511761
514,yuto,-23.6434,-64.4719,25.8,30,0,1.79,AR,1691511761
515,moya,28.0906,-15.5883,22.93,67,4,4.44,ES,1691511762
516,santa maria de palautordera,41.7,2.45,31.06,73,8,4.29,ES,1691511762
517,san antonio oeste,-40.7319,-64.9477,12.73,37,54,9.68,AR,1691511548
518,ar ruways,24.1103,52.7306,34.73,48,3,3.43,AE,1691511762
519,bumba,2.1833,22.4667,26.43,72,42,1.18,CD,1691511762
520,whitburn,54.9533,-1.3686,20.08,57,79,5.07,GB,1691511762
521,bull savanna,17.8868,-77.5902,31.0,58,35,3.69,JM,1691511763
522,luwuk,-0.9516,122.7875,23.95,88,35,1.85,ID,1691511763
523,isfana,39.8386,69.5306,23.31,37,83,1.78,KG,1691511763
524,fort st. john,56.2499,-120.8529,14.94,88,75,1.54,CA,1691511763
525,island harbour,50.724,-1.2758,18.5,93,100,2.68,GB,1691511763
526,tralee,52.2704,-9.7026,21.14,78,75,3.09,IE,1691511764
527,nogliki,51.8333,143.1667,13.58,77,84,2.51,RU,1691511764
528,luganville,-15.5333,167.1667,22.77,90,100,4.73,VU,1691511764
529,luau,-10.7073,22.2247,29.01,19,2,1.71,AO,1691511764
530,salavan,15.7167,106.4167,23.97,94,59,0.34,LA,1691511764
531,puerto baquerizo moreno,-0.9,-89.6,26.55,69,75,6.69,EC,1691511765
532,port hedland,-20.3167,118.5667,17.03,82,6,4.12,AU,1691511765
533,urbano santos,-3.2078,-43.4036,36.22,33,10,2.45,BR,1691511765
534,enshi,30.3,109.4833,25.5,93,73,0.09,CN,1691511765
535,carbonear,47.7332,-53.2148,17.08,75,100,5.46,CA,1691511765
536,carentan,49.3031,-1.2481,17.82,73,100,6.0,FR,1691511765
537,guanhaes,-18.775,-42.9325,29.23,22,0,3.62,BR,1691511766
538,navolato,24.7672,-107.6944,33.1,50,1,1.06,MX,1691511766
539,manismata,-2.4667,111.0333,22.98,91,87,1.32,ID,1691511766
540,cesvaine,56.9667,26.3167,15.94,65,79,3.92,LV,1691511766
541,gizo,-8.103,156.8419,25.93,84,99,6.77,SB,1691511766
542,namdrik,5.5994,168.1028,27.43,80,99,5.09,MH,1691511766
543,rosdorf,51.5,9.9,19.25,73,95,6.95,DE,1691511767
544,piracanjuba,-17.3028,-49.0167,31.99,17,0,3.12,BR,1691511695
545,kenai,60.5544,-151.2583,12.83,98,100,2.06,US,1691511767
546,warmbad,-28.45,18.7333,22.44,20,0,2.0,NA,1691511767
547,richmond,37.5538,-77.4603,29.57,58,75,7.2,US,1691511738
548,abepura,-2.6333,140.5833,23.45,83,20,1.03,ID,1691511768
549,goure,13.9835,10.2704,30.96,47,97,2.81,NE,1691511768
550,santo domingo de los colorados,-0.25,-79.15,24.2,79,97,1.39,EC,1691511749
551,sonoita,31.85,-112.8333,31.82,42,1,5.5,MX,1691511768
552,sangkhla buri,15.1555,98.4536,22.74,98,99,0.1,TH,1691511768
553,obo,5.3998,26.4869,20.18,98,100,0.95,CF,1691511769
554,huescar,37.811,-2.5412,33.48,14,65,3.74,ES,1691511769
555,sarmiento,-45.5882,-69.07,11.65,50,42,9.67,AR,1691511769
556,yoloten,37.2989,62.3597,32.54,19,0,4.37,TM,1691511769
557,mossel bay,-34.1831,22.146,13.96,81,100,1.8,ZA,1691511769
558,ojinaga,29.5667,-104.4167,35.32,38,0,0.0,MX,1691511770
559,ovalle,-30.5983,-71.2003,22.81,40,0,1.47,CL,1691511770
560,dan sadau,11.2962,6.4952,26.27,74,100,3.6,NG,1691511770
561,crook,54.7,-1.7333,19.27,58,72,1.79,GB,1691511770
562,buala,-8.145,159.5921,25.58,87,93,3.21,SB,1691511770
563,amloh,30.6084,76.2319,33.84,57,67,1.56,IN,1691511771
564,greymouth,-42.4667,171.2,4.32,86,44,2.08,NZ,1691511771
565,zaragoza,41.6561,-0.8773,34.69,27,0,2.06,ES,1691511764
566,santa barbara,34.7333,-120.0343,20.46,82,40,2.06,US,1691511763
567,umm al quwain city,25.5647,55.5552,38.01,75,9,3.02,AE,1691511771
568,carolina beach,34.0352,-77.8936,32.81,70,35,6.05,US,1691511771
569,essaouira,31.5125,-9.77,27.72,81,20,4.63,MA,1691511772
570,iskandar,41.5539,69.7008,29.47,35,17,3.16,UZ,1691511772
571,paros,37.0833,25.15,29.61,67,20,7.72,GR,1691511772
572,oltinko'l,40.8011,72.1634,28.87,34,8,4.08,UZ,1691511772
573,tabou,4.423,-7.3528,25.38,84,92,5.51,CI,1691511772
574,tamandare,-8.7597,-35.1047,25.32,83,77,5.22,BR,1691511773
575,khromtau,50.2503,58.4347,22.23,58,56,4.61,KZ,1691511773
576,wenchang,30.904,118.4887,24.81,87,1,1.08,CN,1691511773
577,usinsk,65.9939,57.5281,16.86,64,75,4.14,RU,1691511773
578,taksimo,56.3444,114.8794,19.03,56,61,0.26,RU,1691511773
579,qarqaraly,49.4058,75.4742,16.03,84,100,2.94,KZ,1691511774
580,akrehamn,59.2667,5.1833,11.14,87,75,13.89,NO,1691511774
581,mildura,-34.2,142.15,9.3,73,4,2.95,AU,1691511774
582,sainte catherine de la jacques cartier,46.8524,-71.6206,16.34,96,100,8.23,CA,1691511774
583,sparti,37.0733,22.4297,29.42,42,1,2.95,GR,1691511774
584,newman,37.3138,-121.0208,27.91,66,0,0.89,US,1691511775
585,guanica,17.9716,-66.908,32.94,69,15,5.42,PR,1691511775
586,murun-kuren,49.6342,100.1625,16.09,85,100,0.13,MN,1691511775
587,al manshah,26.4769,31.8035,41.4,14,2,8.2,EG,1691511775
